country,year,deaths,tourists ['000],wri_v,pop_density,gdp_pc
Angola,2001,77,67.0,55.35,12.990192,2476.689
Angola,2002,136,91.0,55.01,13.433227,2470.208
Angola,2003,0,107.0,55.4,13.898853,2734.352
Angola,2004,15,194.0,55.08,14.392972,2719.427
Angola,2005,357,210.0,55.19,14.919729,2910.759
Angola,2006,0,121.0,54.53,15.473779,3228.337
Angola,2007,2422,195.0,54.18,16.05461,3473.972
Angola,2008,620,294.0,52.53,16.666857,3815.161
Angola,2009,141,366.0,42.85,17.30862,4083.851
Angola,2010,178,425.0,51.94,17.979286,3965.269
Angola,2011,25,481.0,51.87,18.685186,4000.867
Angola,2012,130,528.0,51.85,19.42597,3981.913
Angola,2013,0,650.0,50.67,20.195234,4157.421
Angola,2014,9,595.0,50.29,20.987902,4198.606
Angola,2015,0,592.0,26.26,21.786129,4239.837
Angola,2016,459,397.0,31.33,22.585869,4126.518
Angola,2017,113,261.0,48.99,23.408255,3878.023
Angola,2018,11,218.0,49.76,24.251894,3739.376
Angola,2019,10,218.0,50.05,25.104002,3565.489
Argentina,2001,37,2620.0,21.04,13.598174,11528.194
Argentina,2002,35,2820.0,21.33,13.748294,10899.604
Argentina,2003,7,2995.0,23.01,13.896111,9608.838
Argentina,2004,39,3457.0,22.5,14.040422,10350.487
Argentina,2005,10,3823.0,21.64,14.183527,11171.229
Argentina,2006,11,4173.0,21.88,14.330008,12035.769
Argentina,2007,0,4562.0,22.17,14.478116,12871.274
Argentina,2008,19,4700.0,22.36,14.622324,13892.302
Argentina,2009,0,4308.0,19.83,14.771184,14310.261
Argentina,2010,29,6800.0,18.03,14.928557,13321.378
Argentina,2011,42,6703.0,18.21,15.087092,14516.065
Argentina,2012,0,6497.0,18.24,15.248588,15224.634
Argentina,2013,25,6510.0,20.05,15.406099,14914.306
Argentina,2014,56,7165.0,22.23,15.559838,15122.139
Argentina,2015,27,6816.0,20.96,15.721208,14590.858
Argentina,2016,19,6668.0,20.89,15.886714,14833.2
Argentina,2017,0,6711.0,22.3,16.041391,14384.569
Argentina,2018,1,6942.0,21.19,16.183382,14660.235
Argentina,2019,2,7399.0,18.57,16.317112,14159.509
Armenia,2001,0,123.0,22.96,109.7868,1247.205
Armenia,2002,0,162.0,22.06,108.336845,1384.684
Armenia,2003,0,206.0,18.01,107.32828,1608.057
Armenia,2004,0,263.0,15.07,106.743095,1843.895
Armenia,2005,1,319.0,15.26,106.16593,2047.982
Armenia,2006,0,382.0,22.07,105.59747,2344.508
Armenia,2007,0,511.0,23.23,105.035866,2668.112
Armenia,2008,0,558.0,22.68,104.489815,3050.829
Armenia,2009,0,575.0,22.43,103.96895,3279.137
Armenia,2010,0,684.0,18.49,103.46041,2828.972
Armenia,2011,0,758.0,11.86,102.95339,2905.881
Armenia,2012,0,963.0,11.14,102.678925,3049.148
Armenia,2013,0,1084.0,17.12,102.65293,3268.458
Armenia,2014,0,1204.0,27.86,102.652824,3374.948
Armenia,2015,0,1192.0,28.01,102.64956,3497.983
Armenia,2016,0,1260.0,26.28,102.605515,3612.7
Armenia,2017,0,1495.0,27.64,102.52181,3621.864
Armenia,2018,0,1652.0,27.05,102.38728,3899.68
Armenia,2019,0,1894.0,27.41,102.21184,4109.607
Bangladesh,2001,222,207.0,32.61,1033.6045,608.419
Bangladesh,2002,253,207.0,32.08,1050.978,629.917
Bangladesh,2003,928,245.0,32.91,1067.3247,647.657
Bangladesh,2004,520,271.0,33.02,1082.9712,671.849
Bangladesh,2005,1034,208.0,29.2,1097.8171,704.322
Bangladesh,2006,332,200.0,53.28,1111.7445,736.92
Bangladesh,2007,154,289.0,53.12,1124.7291,776.701
Bangladesh,2008,5721,467.0,52.49,1136.8923,837.619
Bangladesh,2009,68,267.0,51.04,1148.3004,895.19
Bangladesh,2010,348,139.0,51.55,1159.0514,948.607
Bangladesh,2011,107,157.0,52.6,1169.2554,1010.812
Bangladesh,2012,102,160.0,32.96,1179.9268,1085.854
Bangladesh,2013,344,104.0,33.14,1191.2892,1166.512
Bangladesh,2014,50,134.0,29.64,1202.5208,1247.435
Bangladesh,2015,79,126.0,28.92,1213.528,1334.932
Bangladesh,2016,159,182.0,28.18,1224.4233,1435.437
Bangladesh,2017,198,237.0,44.06,1235.3994,1551.655
Bangladesh,2018,338,267.0,48.46,1245.9564,1639.899
Bangladesh,2019,102,323.0,47.89,1256.2273,1745.541
Belize,2001,14,196.0,24.21,10.557168,5540.564
Belize,2002,30,200.0,23.84,10.889653,5640.882
Belize,2003,0,221.0,24.77,11.223981,5752.961
Belize,2004,0,231.0,24.43,11.56484,6104.272
Belize,2005,0,237.0,24.1,11.911223,6202.102
Belize,2006,3,247.0,24.31,12.264226,6156.286
Belize,2007,0,251.0,14.99,12.621175,6254.881
Belize,2008,0,245.0,23.96,12.981894,6251.28
Belize,2009,8,232.0,24.8,13.343841,6084.638
Belize,2010,0,242.0,19.78,13.705349,5890.98
Belize,2011,0,250.0,19.51,14.040158,5954.394
Belize,2012,0,277.0,19.7,14.349233,5808.209
Belize,2013,0,294.0,19.24,14.661158,5893.138
Belize,2014,0,321.0,14.64,14.977422,6023.072
Belize,2015,0,341.0,12.91,15.297414,6131.599
Belize,2016,0,386.0,24.22,15.622139,6197.686
Belize,2017,0,427.0,24.38,15.9893465,6055.935
Belize,2018,0,489.0,20.92,16.361902,5810.466
Belize,2019,0,503.0,19.07,16.66953,5762.65
Benin,2001,351,88.0,36.66,64.04414,861.213
Benin,2002,378,72.0,36.47,66.030495,879.854
Benin,2003,50,175.0,36.65,68.06873,893.137
Benin,2004,3,174.0,35.39,70.17625,896.147
Benin,2005,0,176.0,22.23,72.358086,907.624
Benin,2006,4,180.0,23.33,74.726364,893.915
Benin,2007,0,186.0,23.06,77.09509,900.621
Benin,2008,10,188.0,33.86,79.40735,926.74
Benin,2009,48,190.0,36.65,81.84168,943.203
Benin,2010,10,199.0,29.67,84.333374,936.566
Benin,2011,71,209.0,31.16,86.88798,928.247
Benin,2012,0,220.0,25.37,89.514244,927.716
Benin,2013,4,231.0,31.48,92.210526,943.919
Benin,2014,7,242.0,27.59,94.97012,982.399
Benin,2015,0,255.0,23.43,97.81844,1014.433
Benin,2016,0,267.0,23.86,100.750984,1002.419
Benin,2017,13,281.0,29.25,103.74109,1006.039
Benin,2018,0,295.0,29.21,106.773476,1032.905
Benin,2019,0,309.0,22.4,109.820404,1071.505
Bhutan,2001,200,6.4,32.55,15.649476,1250.067
Bhutan,2002,0,5.6,32.71,16.01471,1311.075
Bhutan,2003,0,6.3,20.63,16.37171,1416.428
Bhutan,2004,0,9.2,19.91,16.719114,1494.986
Bhutan,2005,0,13.6,19.97,17.05713,1540.958
Bhutan,2006,0,17.3,12.94,17.353828,1619.639
Bhutan,2007,0,21.0,14.0,17.587914,1688.212
Bhutan,2008,0,28.0,15.52,17.793472,1937.445
Bhutan,2009,0,23.0,12.86,17.995779,2002.451
Bhutan,2010,23,41.0,16.02,18.195963,2132.263
Bhutan,2011,0,66.0,15.8,18.396381,2378.728
Bhutan,2012,1,105.0,24.21,18.599554,2552.489
Bhutan,2013,0,116.0,19.8,18.806711,2654.748
Bhutan,2014,0,133.0,19.76,19.016308,2671.075
Bhutan,2015,0,155.0,16.65,19.222628,2797.819
Bhutan,2016,0,210.0,19.71,19.418537,2954.041
Bhutan,2017,0,255.0,13.99,19.608757,3173.368
Bhutan,2018,0,274.0,9.9,19.778265,3211.809
Bhutan,2019,0,316.0,10.75,19.92045,3300.55
Bolivia,2001,36,316.0,27.54,7.944549,2014.19
Bolivia,2002,41,334.0,27.04,8.0797,2013.846
Bolivia,2003,96,427.0,27.02,8.215968,2029.67
Bolivia,2004,143,480.0,30.37,8.354753,2050.071
Bolivia,2005,0,524.0,30.03,8.496535,2099.991
Bolivia,2006,0,521.0,30.6,8.640965,2156.187
Bolivia,2007,25,573.0,30.33,8.789518,2221.427
Bolivia,2008,116,530.0,31.4,8.941161,2283.427
Bolivia,2009,27,599.0,25.74,9.09338,2383.25
Bolivia,2010,0,679.0,27.52,9.24608,2422.576
Bolivia,2011,59,711.0,27.61,9.399377,2481.407
Bolivia,2012,52,798.0,27.93,9.553153,2568.521
Bolivia,2013,13,798.0,27.25,9.707204,2657.239
Bolivia,2014,136,871.0,27.74,9.8611765,2793.515
Bolivia,2015,112,882.0,28.48,10.0146675,2900.902
Bolivia,2016,25,961.0,27.89,10.167735,2996.013
Bolivia,2017,4,1109.0,27.53,10.320336,3077.571
Bolivia,2018,0,1142.0,27.23,10.472253,3160.164
Bolivia,2019,29,1239.0,27.01,10.623438,3246.764
Bosnia and Herzegovina,2001,6,139.0,22.86,81.245804,2566.588
Bosnia and Herzegovina,2002,0,160.0,22.66,81.62981,2616.415
Bosnia and Herzegovina,2003,0,165.0,21.78,81.79699,2742.334
Bosnia and Herzegovina,2004,0,190.0,21.48,81.61178,2854.846
Bosnia and Herzegovina,2005,0,217.0,20.27,80.87871,3062.937
Bosnia and Herzegovina,2006,4,256.0,21.17,80.00963,3216.87
Bosnia and Herzegovina,2007,0,306.0,21.56,79.360725,3418.756
Bosnia and Herzegovina,2008,0,322.0,20.43,78.38711,3664.015
Bosnia and Herzegovina,2009,0,311.0,17.81,77.10049,3927.881
Bosnia and Herzegovina,2010,1,365.0,16.75,75.777306,3876.398
Bosnia and Herzegovina,2011,3,392.0,17.58,74.44297,3980.042
Bosnia and Herzegovina,2012,0,439.0,17.89,73.08201,4093.053
Bosnia and Herzegovina,2013,4,529.0,17.26,71.681816,4138.703
Bosnia and Herzegovina,2014,0,536.0,15.68,70.52455,4305.469
Bosnia and Herzegovina,2015,26,678.0,21.9,69.6256,4411.382
Bosnia and Herzegovina,2016,0,778.0,21.93,68.721504,4662.26
Bosnia and Herzegovina,2017,0,923.0,17.47,67.83197,4876.536
Bosnia and Herzegovina,2018,0,1053.0,16.9,66.966484,5099.817
Bosnia and Herzegovina,2019,0,1198.0,17.28,66.15232,5360.253
Brazil,2001,108,4773.0,20.22,20.820215,6817.783
Brazil,2002,98,3785.0,20.01,21.093353,6823.033
Brazil,2003,161,4133.0,17.82,21.356842,6944.622
Brazil,2004,255,4794.0,18.11,21.610392,6941.439
Brazil,2005,39,5358.0,18.05,21.855955,7258.781
Brazil,2006,49,5017.0,18.04,22.096794,7409.568
Brazil,2007,20,5026.0,19.62,22.331894,7622.039
Brazil,2008,70,5050.0,19.57,22.559122,8003.253
Brazil,2009,326,4802.0,18.0,22.776276,8330.764
Brazil,2010,191,5161.0,16.61,22.981184,8246.096
Brazil,2011,395,5433.0,16.4,23.175243,8792.633
Brazil,2012,978,5677.0,18.68,23.364616,9067.992
Brazil,2013,3,5813.0,23.64,23.555014,9167.498
Brazil,2014,121,6430.0,23.51,23.746706,9366.738
Brazil,2015,41,6306.0,22.3,23.938953,9338.342
Brazil,2016,28,6547.0,22.25,24.129236,8936.196
Brazil,2017,294,6589.0,23.03,24.313795,8577.843
Brazil,2018,168,6621.0,22.83,24.491507,8628.252
Brazil,2019,22,6353.0,23.02,24.659466,8722.335
Burkina Faso,2001,0,128.0,34.32,43.58753,428.31
Burkina Faso,2002,2978,150.0,37.01,44.93785,442.914
Burkina Faso,2003,0,163.0,36.48,46.34833,448.129
Burkina Faso,2004,1058,222.0,36.52,47.816265,468.263
Burkina Faso,2005,527,245.0,34.63,49.344063,474.086
Burkina Faso,2006,9,264.0,36.62,50.921516,499.193
Burkina Faso,2007,784,289.0,36.35,52.5355,514.113
Burkina Faso,2008,1542,272.0,34.82,54.15319,519.261
Burkina Faso,2009,556,269.0,38.11,55.76792,533.471
Burkina Faso,2010,398,274.0,30.63,57.419834,533.47
Burkina Faso,2011,857,238.0,29.0,59.124645,561.847
Burkina Faso,2012,0,237.0,25.56,60.898785,581.604
Burkina Faso,2013,18,218.0,26.47,62.764194,600.731
Burkina Faso,2014,2,191.0,30.36,64.67621,616.741
Burkina Faso,2015,0,163.0,25.6,66.62817,624.577
Burkina Faso,2016,8,152.0,30.82,68.63117,630.125
Burkina Faso,2017,15,143.0,32.65,70.66833,648.42
Burkina Faso,2018,20,144.0,36.08,72.7135,669.276
Burkina Faso,2019,0,143.0,58.28,74.70135,694.493
Cambodia,2001,347,605.0,45.98,70.600174,595.164
Cambodia,2002,56,787.0,46.14,71.71134,629.241
Cambodia,2003,29,701.0,29.23,72.82602,658.429
Cambodia,2004,0,1055.0,28.25,73.93484,715.25
Cambodia,2005,0,1422.0,31.1,75.0325,771.443
Cambodia,2006,16,1700.0,28.58,76.13416,861.422
Cambodia,2007,5,2015.0,28.43,77.26621,941.689
Cambodia,2008,184,2125.0,27.46,78.41476,1024.383
Cambodia,2009,0,2162.0,22.81,79.61409,1084.384
Cambodia,2010,19,2508.0,25.76,80.879326,1110.916
Cambodia,2011,8,2882.0,26.88,82.147804,1149.291
Cambodia,2012,247,3584.0,43.38,83.40464,1214.455
Cambodia,2013,14,4210.0,34.62,84.66514,1287.9
Cambodia,2014,200,4503.0,43.33,85.94046,1368.483
Cambodia,2015,45,4775.0,42.91,87.223946,1456.218
Cambodia,2016,0,5012.0,41.48,88.50699,1538.537
Cambodia,2017,0,5602.0,26.42,89.807396,1636.126
Cambodia,2018,0,6201.0,26.28,91.05695,1743.979
Cambodia,2019,0,6611.0,29.01,92.19648,1873.587
Central African Republic,2001,448,9.9,42.55,6.1533613,517.131
Central African Republic,2002,346,2.9,67.68,6.291531,508.964
Central African Republic,2003,7,5.7,68.02,6.43051,494.925
Central African Republic,2004,23,8.2,69.05,6.586234,449.148
Central African Republic,2005,3,12.0,67.67,6.730277,451.702
Central African Republic,2006,1,13.8,68.81,6.8843527,452.111
Central African Republic,2007,0,17.1,69.72,7.026842,464.0
Central African Republic,2008,1,30.6,65.71,7.163596,473.49
Central African Republic,2009,0,52.4,68.71,7.318034,475.609
Central African Republic,2010,4,53.8,69.59,7.269978,492.215
Central African Republic,2011,3,65.4,55.45,7.2121143,519.142
Central African Republic,2012,17,70.8,54.75,7.32772,532.383
Central African Republic,2013,0,83.5,70.01,7.4012775,553.73
Central African Republic,2014,0,95.7,72.55,7.4519615,349.821
Central African Republic,2015,0,120.5,72.45,7.421084,351.562
Central African Republic,2016,1,82.0,70.04,7.430932,366.323
Central African Republic,2017,21,107.0,71.18,7.566315,376.858
Central African Republic,2018,0,109.0,71.87,7.6944876,387.358
Central African Republic,2019,1,87.0,69.5,7.831171,395.02
Chad,2001,1209,57.0,68.41,6.7599206,373.104
Chad,2002,213,32.0,69.99,6.9918375,402.276
Chad,2003,0,21.0,69.11,7.239672,421.58
Chad,2004,11,26.0,68.97,7.5348077,462.946
Chad,2005,144,29.0,70.34,7.8780465,591.868
Chad,2006,115,46.0,71.55,8.202107,613.472
Chad,2007,72,77.0,45.03,8.502562,594.502
Chad,2008,29,61.0,71.9,8.800562,690.586
Chad,2009,22,70.0,71.48,9.11396,689.742
Chad,2010,108,71.0,59.81,9.445483,741.487
Chad,2011,263,77.0,58.29,9.778097,841.059
Chad,2012,557,86.0,47.23,10.129451,829.822
Chad,2013,108,97.0,60.54,10.491587,890.867
Chad,2014,0,119.0,54.46,10.872841,927.773
Chad,2015,0,120.0,57.66,11.268011,977.171
Chad,2016,0,98.0,58.37,11.632485,983.895
Chad,2017,0,87.0,69.44,12.003377,911.274
Chad,2018,58,77.0,35.42,12.40689,878.607
Chad,2019,90,79.0,36.46,12.830793,900.916
Chile,2001,16,1723.0,20.03,20.85134,8466.97
Chile,2002,2,1412.0,19.18,21.093716,8633.663
Chile,2003,19,1614.0,18.98,21.327833,8812.373
Chile,2004,0,1785.0,19.55,21.552206,9132.528
Chile,2005,3,2027.0,19.0,21.770851,9644.216
Chile,2006,61,2253.0,21.07,21.987997,10106.35
Chile,2007,18,2507.0,21.16,22.203745,10613.641
Chile,2008,18,2710.0,21.07,22.42213,11053.456
Chile,2009,9,2760.0,21.35,22.647293,11358.261
Chile,2010,0,2801.0,18.86,22.87693,11118.532
Chile,2011,562,3137.0,21.55,23.1079,11651.514
Chile,2012,1,3554.0,21.25,23.337006,12255.184
Chile,2013,8,3576.0,20.13,23.56202,12885.295
Chile,2014,0,3674.0,21.05,23.78782,13185.25
Chile,2015,18,4478.0,20.35,24.026123,13288.491
Chile,2016,204,5641.0,21.28,24.272835,13436.486
Chile,2017,12,6450.0,19.79,24.568176,13507.677
Chile,2018,42,5723.0,19.67,24.960417,13475.919
Chile,2019,0,4518.0,17.18,25.41005,13765.635
China,2001,663,33167.0,24.46,135.23145,2181.91
China,2002,922,36803.0,24.54,136.20541,2346.886
China,2003,1446,32970.0,24.94,137.07265,2545.037
China,2004,1092,41761.0,24.95,137.88756,2783.959
China,2005,807,46809.0,25.18,138.69527,3047.666
China,2006,1058,49913.0,24.76,139.53961,3374.393
China,2007,2109,54720.0,23.95,140.3946,3780.484
China,2008,1141,53049.0,24.91,141.22113,4293.205
China,2009,88450,50875.0,26.01,142.07405,4679.266
China,2010,582,55664.0,21.41,143.00093,5085.878
China,2011,7178,57581.0,18.27,143.96371,5589.175
China,2012,746,57725.0,18.05,144.88925,6083.874
China,2013,802,55686.0,17.59,145.87668,6517.874
China,2014,1395,55622.0,16.58,146.88722,6975.738
China,2015,1575,56886.0,13.11,147.83989,7445.451
China,2016,501,59270.0,16.26,148.71144,7923.001
China,2017,1287,60740.0,16.37,149.55489,8417.886
China,2018,524,62900.0,15.95,150.4392,8949.773
China,2019,354,65725.0,15.98,151.14798,9509.061
Colombia,2001,115,616.0,47.7,35.232033,4021.498
Colombia,2002,99,567.0,47.47,35.790234,4025.2
Colombia,2003,135,625.0,47.32,36.344917,4063.021
Colombia,2004,115,791.0,51.62,36.897182,4159.024
Colombia,2005,116,933.0,50.89,37.443153,4316.948
Colombia,2006,180,2045.0,50.73,37.971138,4457.275
Colombia,2007,150,2254.0,50.24,38.477764,4694.034
Colombia,2008,218,2317.0,50.0,38.96834,4947.253
Colombia,2009,153,2364.0,49.78,39.440113,5048.572
Colombia,2010,53,1405.0,46.04,39.90225,5046.971
Colombia,2011,624,2043.0,46.07,40.358112,5214.245
Colombia,2012,313,2180.0,45.48,40.7928,5517.101
Colombia,2013,77,2288.0,44.97,41.20397,5675.756
Colombia,2014,98,2552.0,44.27,41.59674,5910.806
Colombia,2015,88,3099.0,44.36,41.969738,6121.84
Colombia,2016,104,3370.0,47.34,42.334328,6248.515
Colombia,2017,10,3712.0,42.87,42.755756,6316.071
Colombia,2018,384,4020.0,46.37,43.38087,6309.677
Colombia,2019,26,4169.0,47.62,44.186085,6353.546
Comoros,2001,0,19.4,27.1,288.06232,1239.404
Comoros,2002,0,18.9,26.64,294.04675,1242.099
Comoros,2003,0,20.6,14.87,300.3369,1244.061
Comoros,2004,0,23.3,23.34,306.18378,1245.944
Comoros,2005,0,25.9,23.39,312.04245,1245.773
Comoros,2006,1,28.5,25.24,318.4734,1254.783
Comoros,2007,0,15.2,25.2,324.9608,1262.862
Comoros,2008,29,14.8,25.51,331.50726,1038.687
Comoros,2009,0,11.3,20.79,338.15906,1058.623
Comoros,2010,2,15.3,21.09,344.94843,1105.098
Comoros,2011,0,18.8,19.81,351.87857,1135.359
Comoros,2012,0,22.8,19.13,358.9812,1178.42
Comoros,2013,4,21.9,24.84,366.2746,1227.838
Comoros,2014,0,22.8,19.09,374.10156,1309.476
Comoros,2015,0,23.6,15.34,382.3278,1331.212
Comoros,2016,0,26.8,20.0,390.48093,1329.37
Comoros,2017,0,28.0,19.94,398.57333,1338.59
Comoros,2018,0,35.9,14.63,406.5943,1385.614
Comoros,2019,0,45.1,19.83,414.6142,1413.982
Costa Rica,2001,7,1131.0,23.76,77.1198,7726.52
Costa Rica,2002,0,1113.0,22.8,78.51451,7854.234
Costa Rica,2003,10,1239.0,22.94,79.821976,7989.559
Costa Rica,2004,3,1453.0,23.26,81.0574,8207.457
Costa Rica,2005,10,1679.0,23.22,82.25771,8445.529
Costa Rica,2006,6,1725.0,23.43,83.45554,8655.34
Costa Rica,2007,0,1980.0,23.42,84.63253,9160.294
Costa Rica,2008,19,2089.0,22.98,85.78633,9779.511
Costa Rica,2009,11,1923.0,23.4,86.95766,10104.909
Costa Rica,2010,31,2100.0,23.37,88.12746,9883.676
Costa Rica,2011,27,2192.0,19.36,89.22768,10285.086
Costa Rica,2012,4,2343.0,23.14,90.282684,10612.469
Costa Rica,2013,8,2428.0,22.44,91.34215,11001.519
Costa Rica,2014,3,2527.0,20.05,92.36492,11151.144
Costa Rica,2015,0,2660.0,18.33,93.36322,11422.674
Costa Rica,2016,0,2925.0,19.96,94.36046,11714.711
Costa Rica,2017,9,2960.0,12.45,95.31929,12084.435
Costa Rica,2018,13,3017.0,19.75,96.2236,12468.565
Costa Rica,2019,1,3139.0,20.35,97.097786,12679.525
Democratic Republic of the Congo,2001,26,55.0,70.77,22.278929,327.241
Democratic Republic of the Congo,2002,900,28.0,71.89,22.995808,310.381
Democratic Republic of the Congo,2003,2742,35.0,70.87,23.70946,309.909
Democratic Republic of the Congo,2004,815,36.0,70.11,24.412287,317.774
Democratic Republic of the Congo,2005,706,61.0,66.9,25.141811,329.348
Democratic Republic of the Congo,2006,115,55.0,68.99,25.926085,338.98
Democratic Republic of the Congo,2007,155,47.0,69.18,26.737791,346.179
Democratic Republic of the Congo,2008,204,50.0,68.67,27.559055,356.886
Democratic Republic of the Congo,2009,36,53.0,67.74,28.402842,367.843
Democratic Republic of the Congo,2010,210,81.0,64.3,29.294476,366.829
Democratic Republic of the Congo,2011,110,186.0,70.17,30.243286,380.577
Democratic Republic of the Congo,2012,636,167.0,68.32,31.251764,393.615
Democratic Republic of the Congo,2013,609,191.0,64.37,32.31275,407.67
Democratic Republic of the Congo,2014,0,334.0,63.91,33.430847,427.457
Democratic Republic of the Congo,2015,214,354.0,64.45,34.58382,452.337
Democratic Republic of the Congo,2016,55,351.0,64.97,35.744926,467.914
Democratic Republic of the Congo,2017,105,430.0,67.04,37.033333,462.475
Democratic Republic of the Congo,2018,322,392.0,68.61,38.41265,462.364
Democratic Republic of the Congo,2019,2371,479.0,69.25,39.72019,473.011
Dominican Republic,2001,0,2882.0,26.9,180.60205,4045.375
Dominican Republic,2002,3,2811.0,22.81,183.46526,4054.29
Dominican Republic,2003,3,3282.0,22.64,186.24121,4225.028
Dominican Republic,2004,21,3450.0,23.08,188.9425,4154.074
Dominican Republic,2005,703,3691.0,23.36,191.55685,4151.133
Dominican Republic,2006,12,3965.0,22.27,194.0846,4476.573
Dominican Republic,2007,0,3980.0,22.41,196.5283,4892.673
Dominican Republic,2008,175,3980.0,22.46,198.93675,5243.057
Dominican Republic,2009,13,3992.0,22.43,201.40823,5344.931
Dominican Republic,2010,32,4125.0,18.08,203.97783,5327.533
Dominican Republic,2011,137,4306.0,22.11,206.60579,5698.414
Dominican Republic,2012,12,4563.0,26.99,209.24498,5802.842
Dominican Republic,2013,175,4690.0,26.34,211.87033,5886.666
Dominican Republic,2014,0,5141.4,26.98,214.46715,6098.905
Dominican Republic,2015,1,5600.0,26.61,217.02727,6451.883
Dominican Republic,2016,2,5959.3,26.04,219.53728,6819.932
Dominican Republic,2017,21,6188.0,26.57,221.9905,7193.701
Dominican Republic,2018,5,6569.0,24.95,224.41872,7447.943
Dominican Republic,2019,0,6446.0,27.3,226.84244,7882.857
Egypt,2001,3,4357.0,28.3,73.417336,2375.062
Egypt,2002,0,4906.0,18.59,74.993256,2404.125
Egypt,2003,18,5746.0,29.01,76.587616,2409.921
Egypt,2004,0,7795.0,18.54,78.209404,2435.286
Egypt,2005,13,8244.0,19.16,79.84071,2483.093
Egypt,2006,0,8646.0,18.48,81.47171,2542.479
Egypt,2007,0,10610.0,18.31,83.07841,2664.39
Egypt,2008,0,12296.0,18.65,84.66143,2800.06
Egypt,2009,98,11914.0,20.56,86.25726,2945.067
Egypt,2010,0,14051.0,15.87,87.90159,3024.824
Egypt,2011,58,9497.0,16.09,89.60377,3120.192
Egypt,2012,0,11196.0,16.32,91.50944,3108.519
Egypt,2013,0,9174.0,16.8,93.58682,3107.471
Egypt,2014,0,9628.3,16.42,95.7693,3102.813
Egypt,2015,0,9139.0,32.13,97.97444,3121.893
Egypt,2016,135,5258.0,35.17,100.052574,3190.292
Egypt,2017,26,8157.0,33.55,102.10918,3261.676
Egypt,2018,0,11196.0,34.16,104.17003,3331.118
Egypt,2019,0,12876.0,38.46,106.165146,3442.681
El Salvador,2001,27,735.0,24.07,286.84186,2964.864
El Salvador,2002,1159,798.0,29.48,288.0337,2978.5
El Salvador,2003,7,720.0,29.66,288.92996,3016.201
El Salvador,2004,304,951.0,31.53,289.50757,3057.209
El Salvador,2005,0,1127.0,29.42,289.8008,3081.323
El Salvador,2006,120,1279.0,29.58,289.84473,3164.271
El Salvador,2007,1,1339.0,28.05,289.68732,3303.485
El Salvador,2008,2,1385.0,21.03,290.04922,3360.747
El Salvador,2009,30,1091.0,24.86,290.98947,3421.152
El Salvador,2010,282,1150.0,22.78,291.9056,3339.363
El Salvador,2011,18,1184.0,22.87,292.86935,3398.476
El Salvador,2012,35,1255.0,24.22,293.9251,3515.345
El Salvador,2013,0,1283.0,18.91,295.0761,3600.172
El Salvador,2014,0,1345.0,23.04,296.2763,3665.859
El Salvador,2015,4,1402.0,25.55,297.43976,3713.95
El Salvador,2016,13,1434.0,30.77,298.4399,3790.341
El Salvador,2017,0,1556.0,29.07,299.26678,3875.847
El Salvador,2018,10,1677.3,30.17,299.88116,3954.84
El Salvador,2019,4,1766.0,30.3,300.18353,4046.163
Eswatini,2001,32,283.0,25.84,60.548138,2383.802
Eswatini,2002,0,256.0,25.61,61.10849,2386.828
Eswatini,2003,0,461.0,22.27,61.59628,2471.674
Eswatini,2004,0,459.0,22.2,62.01779,2550.108
Eswatini,2005,0,837.0,21.97,62.393604,2626.617
Eswatini,2006,0,873.0,21.08,62.733837,2769.054
Eswatini,2007,1,869.0,21.51,63.048954,2920.328
Eswatini,2008,2,756.0,21.66,63.413548,3032.325
Eswatini,2009,0,908.0,20.04,63.842907,3036.677
Eswatini,2010,0,868.0,19.91,64.25337,3064.494
Eswatini,2011,0,879.0,19.61,64.630875,3162.164
Eswatini,2012,0,888.0,22.65,64.99099,3215.341
Eswatini,2013,0,968.0,22.81,65.34128,3370.679
Eswatini,2014,0,939.0,14.15,65.69768,3481.846
Eswatini,2015,11,873.0,21.18,66.06425,3494.481
Eswatini,2016,0,947.0,22.08,66.44314,3551.957
Eswatini,2017,0,921.0,22.23,66.83233,3568.797
Eswatini,2018,0,782.0,22.08,67.33709,3613.808
Eswatini,2019,0,680.0,26.28,67.96122,3665.846
Ethiopia,2001,495,156.0,66.58,59.731712,247.0
Ethiopia,2002,434,180.0,69.46,61.571445,259.511
Ethiopia,2003,34,184.0,67.39,63.47452,255.543
Ethiopia,2004,119,227.0,71.14,65.42136,242.581
Ethiopia,2005,0,330.0,68.03,67.410194,267.377
Ethiopia,2006,285,358.0,67.75,69.439545,290.24
Ethiopia,2007,1302,383.0,67.94,71.50944,312.375
Ethiopia,2008,22,427.0,68.07,73.63577,338.107
Ethiopia,2009,65,468.0,67.52,75.798195,363.898
Ethiopia,2010,135,523.0,54.54,77.98146,384.845
Ethiopia,2011,35,597.0,53.38,80.224014,421.037
Ethiopia,2012,0,681.0,54.29,82.537964,463.069
Ethiopia,2013,0,770.0,52.52,84.884995,489.204
Ethiopia,2014,110,864.0,63.2,87.22422,526.464
Ethiopia,2015,0,871.0,62.07,89.59612,565.131
Ethiopia,2016,0,933.0,62.15,92.03419,607.301
Ethiopia,2017,128,849.0,62.46,94.56041,635.773
Ethiopia,2018,0,812.0,62.87,97.172844,677.852
Ethiopia,2019,44,271.0,63.44,99.82901,704.791
Gambia,2001,21,57.0,35.24,143.78409,650.899
Gambia,2002,1,81.0,35.97,147.72954,670.16
Gambia,2003,0,89.0,36.55,151.74901,655.39
Gambia,2004,3,90.0,36.81,155.8912,652.669
Gambia,2005,2,108.0,36.67,160.2084,693.563
Gambia,2006,0,125.0,35.89,164.72678,658.676
Gambia,2007,0,143.0,35.04,169.49457,636.596
Gambia,2008,0,147.0,35.92,174.484,637.209
Gambia,2009,0,142.0,34.4,179.63034,657.676
Gambia,2010,5,91.0,24.15,184.92372,681.434
Gambia,2011,9,106.0,29.65,190.37886,701.015
Gambia,2012,0,157.0,24.69,196.02618,625.464
Gambia,2013,0,171.0,28.82,201.88705,639.14
Gambia,2014,2,156.0,29.52,207.88785,638.523
Gambia,2015,0,449.0,24.73,213.88686,611.88
Gambia,2016,0,450.0,23.57,219.81522,619.537
Gambia,2017,0,522.0,28.7,225.66946,615.194
Gambia,2018,6,552.0,35.9,231.4418,628.777
Gambia,2019,0,620.0,24.55,237.11789,658.128
Ghana,2001,0,439.0,32.37,86.30434,1023.886
Ghana,2002,24,483.0,32.71,88.63362,1042.232
Ghana,2003,4,531.0,32.98,91.10499,1062.566
Ghana,2004,0,584.0,33.26,93.598335,1088.292
Ghana,2005,0,429.0,32.41,96.11044,1116.579
Ghana,2006,40,497.0,32.37,98.66457,1155.065
Ghana,2007,0,587.0,30.66,101.26313,1176.652
Ghana,2008,56,698.0,32.05,103.90706,1196.559
Ghana,2009,0,803.0,31.83,106.577705,1273.309
Ghana,2010,40,931.0,29.34,109.2706,1302.097
Ghana,2011,90,821.0,24.06,111.961784,1371.189
Ghana,2012,121,903.0,29.42,114.68706,1526.639
Ghana,2013,76,994.0,24.07,117.49625,1628.619
Ghana,2014,23,825.0,28.98,120.36141,1717.527
Ghana,2015,249,897.0,23.3,123.24187,1725.294
Ghana,2016,110,933.0,28.74,126.11828,1721.7
Ghana,2017,10,969.0,27.45,129.02188,1739.727
Ghana,2018,20,956.0,24.68,131.88577,1840.299
Ghana,2019,34,1130.0,33.57,134.6512,1914.26
Guyana,2001,0,99.0,22.18,3.8853745,2276.604
Guyana,2002,0,104.0,13.64,3.8835864,2526.938
Guyana,2003,0,101.0,13.93,3.8793852,2773.616
Guyana,2004,0,122.0,14.08,3.8765912,2981.358
Guyana,2005,0,117.0,14.01,3.8731217,3344.414
Guyana,2006,34,113.0,22.87,3.8654914,3564.813
Guyana,2007,0,134.0,22.94,3.8556058,4076.78
Guyana,2008,0,130.0,22.9,3.8449275,4382.106
Guyana,2009,0,141.0,19.13,3.8334467,4472.344
Guyana,2010,0,152.0,18.59,3.8206604,4649.341
Guyana,2011,0,157.0,20.11,3.8062434,4860.09
Guyana,2012,0,177.0,19.94,3.7905054,5133.897
Guyana,2013,0,200.0,19.17,3.7911913,5403.799
Guyana,2014,0,206.0,11.74,3.8101091,5573.342
Guyana,2015,0,207.0,11.78,3.8315012,5635.717
Guyana,2016,0,235.0,19.42,3.8546255,5640.416
Guyana,2017,0,247.0,18.94,3.878857,5818.617
Guyana,2018,0,287.0,22.69,3.9039013,5997.183
Guyana,2019,0,315.0,25.61,4.021148,6080.906
Haiti,2001,12,142.0,34.29,301.27542,1229.407
Haiti,2002,26,140.0,35.13,306.81848,1203.161
Haiti,2003,35,136.0,35.31,312.32394,1192.88
Haiti,2004,128,96.0,33.51,317.84882,1211.522
Haiti,2005,5422,112.0,58.8,323.30432,1176.39
Haiti,2006,88,108.0,58.42,328.78354,1198.633
Haiti,2007,16,386.0,58.3,334.41833,1198.996
Haiti,2008,163,258.0,53.66,340.10522,1244.616
Haiti,2009,698,387.0,53.44,345.81937,1254.387
Haiti,2010,21,255.0,29.34,351.58145,1311.719
Haiti,2011,229549,349.0,30.42,355.70752,1260.335
Haiti,2012,39,349.0,29.58,359.75705,1309.679
Haiti,2013,180,420.0,30.21,365.37628,1296.014
Haiti,2014,6,465.2,29.85,370.9131,1331.883
Haiti,2015,12,516.0,29.8,376.38754,1350.427
Haiti,2016,181,445.0,31.98,381.8305,1349.813
Haiti,2017,599,467.0,33.65,387.20834,1355.191
Haiti,2018,35,447.0,32.89,392.51666,1370.422
Haiti,2019,17,286.0,32.65,397.7639,1374.899
Honduras,2001,0,518.0,31.83,58.787926,1789.481
Honduras,2002,21,550.0,27.29,60.398533,1789.191
Honduras,2003,18,611.0,31.65,62.015068,1807.976
Honduras,2004,10,641.0,31.7,63.626892,1842.301
Honduras,2005,0,673.0,30.81,65.23374,1908.913
Honduras,2006,61,739.0,30.06,66.83673,1975.866
Honduras,2007,4,804.0,30.68,68.43178,2056.54
Honduras,2008,7,869.0,30.8,70.0224,2134.199
Honduras,2009,67,836.0,31.26,71.61131,2175.156
Honduras,2010,14,863.0,25.1,73.19603,2076.312
Honduras,2011,211,871.0,25.05,74.7688,2108.479
Honduras,2012,33,895.0,24.99,76.33021,2144.562
Honduras,2013,0,863.0,20.47,77.889725,2188.395
Honduras,2014,27,868.0,15.43,79.44656,2205.401
Honduras,2015,4,880.0,18.73,81.00033,2229.258
Honduras,2016,0,838.0,26.49,82.55703,2271.202
Honduras,2017,7,850.0,33.05,84.12173,2315.736
Honduras,2018,21,847.0,23.37,85.69259,2383.373
Honduras,2019,6,724.0,33.83,87.275085,2430.14
India,2001,2810,2537.0,56.87,355.82074,772.233
India,2002,21045,2384.0,57.03,362.5394,794.484
India,2003,2991,2726.0,57.55,369.1659,809.903
India,2004,2251,3457.0,57.31,375.62448,858.544
India,2005,17737,3919.0,56.47,382.07834,910.915
India,2006,5041,4447.0,55.87,388.36276,967.182
India,2007,1431,5082.0,56.65,394.485,1028.924
India,2008,2236,5283.0,56.65,400.4709,1091.19
India,2009,1808,5168.0,53.61,406.27438,1108.804
India,2010,2204,5776.0,52.52,412.19186,1178.807
India,2011,1344,6309.0,57.1,418.23145,1260.508
India,2012,1038,6578.0,51.29,424.19925,1307.912
India,2013,599,6968.0,56.78,430.0682,1360.454
India,2014,7119,13107.0,50.9,435.8381,1428.174
India,2015,1072,13284.0,52.12,441.3701,1514.778
India,2016,3400,14570.0,49.17,446.66653,1616.505
India,2017,1129,15631.0,53.3,452.02097,1729.239
India,2018,2346,16492.0,52.39,457.3059,1825.406
India,2019,1396,17754.0,52.83,462.35156,1922.008
Israel,2001,15,1196.0,23.57,282.40268,30339.481
Israel,2002,0,861.9,23.18,289.27805,29700.176
Israel,2003,0,1063.0,24.52,295.18088,29080.135
Israel,2004,0,1505.6,23.14,300.50006,28982.668
Israel,2005,0,1903.0,22.19,305.6878,29823.572
Israel,2006,0,1825.0,15.73,310.91553,30562.102
Israel,2007,0,2067.0,16.03,316.26752,31729.691
Israel,2008,0,2572.0,15.58,321.7401,33081.784
Israel,2009,0,2321.0,13.99,327.29303,33564.024
Israel,2010,0,2803.0,11.53,332.9989,33397.3
Israel,2011,46,2820.0,11.66,339.03583,34618.011
Israel,2012,0,2886.0,14.19,345.24136,35871.874
Israel,2013,0,2962.0,12.19,351.56104,36089.274
Israel,2014,4,2927.0,21.12,358.10394,36890.396
Israel,2015,0,2799.0,28.07,364.93405,37569.682
Israel,2016,0,2900.0,19.42,372.13104,37684.519
Israel,2017,0,3613.0,28.13,379.3903,38607.277
Israel,2018,0,4121.0,22.39,386.40463,39550.205
Israel,2019,12,4552.0,18.37,393.25632,40440.944
Jamaica,2001,0,1277.0,21.2,240.79659,4995.627
Jamaica,2002,1,1266.0,14.41,242.32779,5027.653
Jamaica,2003,13,1350.0,15.12,243.82106,5030.591
Jamaica,2004,0,1415.0,17.61,245.30276,5183.519
Jamaica,2005,16,1479.0,20.65,246.74303,5221.475
Jamaica,2006,6,1679.0,17.17,248.11357,5239.048
Jamaica,2007,4,1701.0,18.35,249.39732,5363.182
Jamaica,2008,5,1767.0,21.58,250.58246,5414.911
Jamaica,2009,13,1831.0,22.04,251.67433,5347.638
Jamaica,2010,0,1922.0,19.26,252.72401,5094.031
Jamaica,2011,15,1952.0,19.18,253.79253,4998.671
Jamaica,2012,0,1986.0,18.98,254.89317,5063.195
Jamaica,2013,1,2008.4,22.94,255.99557,5010.462
Jamaica,2014,0,2080.0,19.55,257.035,5016.035
Jamaica,2015,0,2123.0,19.51,257.96454,5032.448
Jamaica,2016,0,2182.0,19.14,258.77527,5062.897
Jamaica,2017,0,2353.0,16.82,259.45697,5119.045
Jamaica,2018,0,2473.0,20.14,259.99677,5159.344
Jamaica,2019,0,2681.0,19.94,260.3973,5248.776
Lao,2001,59,173.0,30.89,23.532118,907.461
Lao,2002,0,215.0,30.75,23.923227,944.068
Lao,2003,2,196.0,30.95,24.310606,992.805
Lao,2004,0,407.0,31.68,24.6878,1038.345
Lao,2005,0,672.0,34.55,25.050377,1095.167
Lao,2006,0,842.0,34.12,25.431244,1151.763
Lao,2007,0,1142.0,33.05,25.837084,1123.409
Lao,2008,0,1295.0,18.8,26.240194,1307.859
Lao,2009,6,1239.0,24.65,26.642002,1388.413
Lao,2010,26,1670.0,24.63,27.04354,1470.41
Lao,2011,0,1894.0,29.83,27.444532,1566.737
Lao,2012,48,2291.0,27.51,27.844852,1668.374
Lao,2013,0,2700.0,22.23,28.245152,1774.637
Lao,2014,100,3164.0,24.79,28.645515,1890.28
Lao,2015,0,3543.0,23.99,29.043198,2006.314
Lao,2016,4,3315.0,24.06,29.469873,2121.006
Lao,2017,5,3257.0,25.42,29.934143,2234.758
Lao,2018,0,3770.0,21.14,30.407928,2350.664
Lao,2019,136,4384.0,23.92,30.884068,2459.973
Lebanon,2001,0,837.0,26.84,423.20087,5983.308
Lebanon,2002,0,956.0,26.27,430.2955,6112.466
Lebanon,2003,0,1016.0,41.92,436.31525,6233.996
Lebanon,2004,0,1278.0,43.58,442.37665,6346.72
Lebanon,2005,0,1140.0,27.43,449.58798,6638.229
Lebanon,2006,0,1063.0,27.28,456.6085,6711.707
Lebanon,2007,0,1017.0,46.61,464.43265,6700.893
Lebanon,2008,1,1333.0,46.59,473.5209,7184.19
Lebanon,2009,0,1844.0,25.33,481.46228,7706.496
Lebanon,2010,0,2168.0,20.18,488.00537,8381.141
Lebanon,2011,0,1655.0,20.53,492.7947,8961.587
Lebanon,2012,0,1366.0,12.75,498.14447,8942.231
Lebanon,2013,0,1274.0,13.08,511.80273,8924.702
Lebanon,2014,0,1355.0,20.63,561.43115,8445.814
Lebanon,2015,0,1518.0,24.77,620.42944,7831.151
Lebanon,2016,5,1688.0,45.3,632.695,7714.11
Lebanon,2017,0,1857.0,36.82,618.09,8019.789
Lebanon,2018,0,1964.0,38.25,602.16315,8307.047
Lebanon,2019,15,1936.0,35.47,584.95795,8392.898
Madagascar,2001,153,170.0,32.41,28.38834,466.794
Madagascar,2002,0,62.0,32.21,29.276268,479.742
Madagascar,2003,693,139.0,29.96,30.16486,406.707
Madagascar,2004,105,229.0,28.74,31.06198,433.615
Madagascar,2005,395,277.0,29.9,31.981104,443.293
Madagascar,2006,107,312.0,29.85,32.93178,450.311
Madagascar,2007,4,344.0,29.8,33.91357,459.237
Madagascar,2008,88,375.0,32.06,34.923668,473.785
Madagascar,2009,125,163.0,29.59,35.963978,490.964
Madagascar,2010,27,196.0,29.44,37.03554,457.79
Madagascar,2011,120,225.0,27.95,38.12881,447.417
Madagascar,2012,35,256.0,30.15,39.227062,441.755
Madagascar,2013,112,196.0,30.29,40.327335,442.642
Madagascar,2014,164,222.0,30.13,41.439137,440.675
Madagascar,2015,17,244.0,30.07,42.565067,443.344
Madagascar,2016,121,293.0,30.48,43.70351,445.32
Madagascar,2017,0,255.0,30.31,44.86069,451.157
Madagascar,2018,288,291.0,30.9,46.043964,456.852
Madagascar,2019,94,384.0,37.13,47.25839,459.33
Malawi,2001,83,266.0,32.45,120.024895,290.905
Malawi,2002,1190,383.0,32.5,122.96412,270.335
Malawi,2003,725,424.0,32.96,126.01234,270.8
Malawi,2004,12,427.0,32.62,129.20636,279.175
Malawi,2005,0,438.0,32.0,132.5916,286.793
Malawi,2006,12,638.0,31.97,136.19043,288.341
Malawi,2007,28,735.0,23.63,139.99469,293.69
Malawi,2008,2,742.0,31.68,144.00026,312.93
Malawi,2009,113,755.0,25.63,148.24368,327.195
Malawi,2010,66,746.0,31.1,152.69185,344.119
Malawi,2011,0,767.0,25.74,157.25993,357.091
Malawi,2012,4,770.0,30.11,161.9116,381.922
Malawi,2013,4,795.0,30.9,166.62683,387.393
Malawi,2014,3,819.0,31.95,171.42358,420.197
Malawi,2015,0,805.0,29.04,176.29968,455.743
Malawi,2016,294,849.0,33.01,181.22176,480.871
Malawi,2017,12,837.0,32.61,186.22975,504.607
Malawi,2018,6,871.0,32.25,191.3419,542.695
Malawi,2019,5,978.0,31.84,196.52191,551.395
Malaysia,2001,16,12775.0,20.44,69.90661,6455.604
Malaysia,2002,11,13292.0,19.72,71.60717,6334.918
Malaysia,2003,12,10577.0,21.3,73.360146,6516.896
Malaysia,2004,8,15703.0,20.8,75.11674,6732.91
Malaysia,2005,97,16431.0,21.33,76.87345,7025.334
Malaysia,2006,13,17547.0,21.82,78.63666,7234.013
Malaysia,2007,6,20973.0,22.36,80.40758,7469.799
Malaysia,2008,102,22052.0,21.75,82.174355,7769.584
Malaysia,2009,0,23646.0,21.79,83.91433,7976.105
Malaysia,2010,0,24577.0,17.66,85.60274,7700.449
Malaysia,2011,0,24714.0,21.17,87.21891,8118.91
Malaysia,2012,18,25033.0,21.51,88.7598,8400.309
Malaysia,2013,0,25715.0,17.76,90.28408,8710.513
Malaysia,2014,4,27437.0,28.76,91.84072,8964.793
Malaysia,2015,17,25721.0,29.55,93.42911,9341.716
Malaysia,2016,25,26757.0,21.91,95.06254,9648.663
Malaysia,2017,0,25948.0,28.53,96.757545,9901.46
Malaysia,2018,9,25832.0,20.82,98.48012,10293.746
Malaysia,2019,2,26101.0,17.41,100.170334,10610.175
Mali,2001,15,89.0,37.01,9.473353,318.615
Mali,2002,2,96.0,38.26,9.762547,354.506
Mali,2003,35,110.0,38.23,10.070604,370.914
Mali,2004,106,113.0,37.17,10.395882,405.847
Mali,2005,0,143.0,37.49,10.738012,368.741
Mali,2006,43,153.0,59.77,11.095525,393.861
Mali,2007,10,164.0,57.46,11.465545,428.846
Mali,2008,18,190.0,58.8,11.848791,449.43
Mali,2009,0,160.0,61.07,12.244639,476.415
Mali,2010,35,169.0,41.8,12.650108,515.313
Mali,2011,0,160.0,48.96,13.067801,553.062
Mali,2012,50,134.0,50.94,13.497123,576.968
Mali,2013,0,142.0,63.65,13.897048,623.213
Mali,2014,37,168.0,61.8,14.308934,647.676
Mali,2015,6,159.0,51.59,14.768411,676.369
Mali,2016,5,173.0,46.8,15.237809,704.822
Mali,2017,13,193.0,61.89,15.728123,743.654
Mali,2018,0,203.0,61.79,16.237648,768.784
Mali,2019,0,217.0,62.08,16.753155,795.592
Mexico,2001,236,19810.0,43.43,50.73461,9581.97
Mexico,2002,26,19667.0,24.35,51.49263,9398.351
Mexico,2003,103,18665.0,26.47,52.23829,9242.279
Mexico,2004,70,20618.0,26.18,52.97385,9221.997
Mexico,2005,52,21915.0,23.91,53.702065,9421.29
Mexico,2006,88,21353.0,24.31,54.431183,9491.518
Mexico,2007,41,21606.0,24.54,55.173058,9813.828
Mexico,2008,58,22931.0,24.69,55.955322,9877.696
Mexico,2009,36,22346.0,26.0,56.778355,9826.342
Mexico,2010,32,23290.0,21.46,57.614506,9074.119
Mexico,2011,182,23403.0,25.81,58.45001,9389.067
Mexico,2012,125,23403.0,24.66,59.28316,9575.935
Mexico,2013,21,24151.0,15.4,60.093212,9782.518
Mexico,2014,223,29346.0,26.21,60.877888,9738.711
Mexico,2015,22,32093.0,27.15,61.619003,9862.481
Mexico,2016,42,35079.0,23.15,62.281593,10021.239
Mexico,2017,90,39291.0,26.26,62.888107,10100.502
Mexico,2018,498,41313.0,26.95,63.479023,10193.773
Mexico,2019,40,45024.0,25.89,64.08277,10296.869
Moldova,2001,2,16.0,22.79,128.44917,932.997
Moldova,2002,0,18.0,22.39,127.078224,1000.979
Moldova,2003,1,21.0,22.33,125.65778,1091.353
Moldova,2004,0,69.0,21.92,124.2165,1177.137
Moldova,2005,0,67.0,21.61,122.73801,1279.038
Moldova,2006,0,63.0,17.65,120.97871,1394.977
Moldova,2007,13,70.0,17.96,118.936005,1486.829
Moldova,2008,0,73.0,21.2,116.81519,1559.212
Moldova,2009,3,60.0,22.9,114.634605,1713.4
Moldova,2010,0,64.0,11.93,112.411644,1642.629
Moldova,2011,1,75.0,19.01,110.160446,1795.106
Moldova,2012,0,89.0,18.9,107.89439,1939.451
Moldova,2013,10,95.6,19.02,105.63024,1969.335
Moldova,2014,0,93.9,18.94,103.389175,2193.987
Moldova,2015,0,94.4,18.95,101.386566,2349.183
Moldova,2016,0,121.0,19.33,99.70179,2372.156
Moldova,2017,0,145.0,18.79,98.20437,2520.218
Moldova,2018,0,160.0,10.95,96.86078,2661.871
Moldova,2019,0,174.0,10.67,95.65602,2805.252
Mongolia,2001,23,187.0,21.4,1.5763537,1572.124
Mongolia,2002,16,229.0,20.81,1.590814,1603.835
Mongolia,2003,3,201.0,19.57,1.6051767,1664.711
Mongolia,2004,15,301.0,19.87,1.6191317,1765.968
Mongolia,2005,0,339.0,15.36,1.6326096,1937.485
Mongolia,2006,0,404.0,18.22,1.6458776,2061.269
Mongolia,2007,0,452.0,20.58,1.6595501,2219.201
Mongolia,2008,0,446.0,17.91,1.6744554,2424.852
Mongolia,2009,52,412.0,12.49,1.6914408,2614.151
Mongolia,2010,31,456.0,24.24,1.7112815,2551.064
Mongolia,2011,0,460.0,20.04,1.7346561,2676.883
Mongolia,2012,0,476.0,14.56,1.7625493,3090.049
Mongolia,2013,0,418.0,14.61,1.7948318,3408.305
Mongolia,2014,0,393.0,17.67,1.8310589,3730.055
Mongolia,2015,0,386.0,8.27,1.8703228,3939.68
Mongolia,2016,0,404.0,16.15,1.9110848,3903.847
Mongolia,2017,0,469.0,13.13,1.9523604,3878.248
Mongolia,2018,17,529.0,13.17,1.9931666,4012.977
Mongolia,2019,0,577.0,16.1,2.0338361,4237.33
Morocco,2001,6,4380.0,24.42,63.686844,1712.329
Morocco,2002,15,4453.0,18.53,64.5634,1816.64
Morocco,2003,80,4761.0,24.57,65.42269,1852.229
Morocco,2004,35,5477.0,24.17,66.25905,1944.376
Morocco,2005,628,5843.0,21.63,67.1141,2011.782
Morocco,2006,1,6558.0,22.91,68.021835,2044.056
Morocco,2007,17,7408.0,24.15,68.947296,2173.106
Morocco,2008,0,7879.0,22.07,69.877815,2202.186
Morocco,2009,30,8341.0,16.28,70.81956,2327.734
Morocco,2010,29,9288.0,13.0,71.769615,2531.283
Morocco,2011,42,9342.0,16.08,72.747055,2625.841
Morocco,2012,0,9375.0,15.18,73.74543,2784.014
Morocco,2013,0,10046.0,15.89,74.737274,2842.099
Morocco,2014,0,10283.0,14.94,75.70596,2977.232
Morocco,2015,60,10177.0,16.3,76.640785,3093.618
Morocco,2016,0,10332.0,14.94,77.543335,3190.451
Morocco,2017,0,11349.0,13.09,78.47515,3168.998
Morocco,2018,0,12289.0,12.03,79.4228,3289.56
Morocco,2019,0,12932.0,13.11,80.30419,3353.192
Myanmar,2001,0,475.0,58.87,69.39319,312.328
Myanmar,2002,51,487.0,55.68,70.12907,344.11
Myanmar,2003,21,597.0,54.84,70.83619,381.643
Myanmar,2004,0,657.0,60.76,71.50197,430.432
Myanmar,2005,307,660.0,54.44,72.11727,484.648
Myanmar,2006,17,630.0,60.76,72.68353,546.121
Myanmar,2007,59,716.0,62.59,73.21486,613.049
Myanmar,2008,35,731.0,63.37,73.73565,681.714
Myanmar,2009,138366,763.0,64.02,74.142815,747.498
Myanmar,2010,24,792.0,60.53,74.55599,821.779
Myanmar,2011,373,816.0,61.85,75.11357,898.532
Myanmar,2012,225,1059.0,61.11,75.71947,941.182
Myanmar,2013,40,2044.0,55.93,76.359344,1001.731
Myanmar,2014,23,3081.0,60.13,77.010826,1076.948
Myanmar,2015,0,4681.0,58.58,77.65277,1153.392
Myanmar,2016,213,2907.0,59.42,78.277016,1224.205
Myanmar,2017,131,3443.0,57.94,78.900055,1264.748
Myanmar,2018,3,3551.0,57.33,79.51176,1321.323
Myanmar,2019,67,4364.0,57.31,80.08986,1367.222
Namibia,2001,14,670.0,43.01,2.209003,3083.597
Namibia,2002,134,757.0,43.15,2.255656,3055.404
Namibia,2003,0,695.0,43.46,2.2956383,3145.946
Namibia,2004,2,716.0,43.49,2.3290322,3232.306
Namibia,2005,0,778.0,43.4,2.3589342,3582.895
Namibia,2006,0,833.0,26.91,2.3886857,3627.751
Namibia,2007,15,929.0,27.58,2.419427,3834.999
Namibia,2008,14,931.0,27.45,2.4518785,3987.618
Namibia,2009,51,980.0,22.57,2.4864373,4036.382
Namibia,2010,92,984.0,28.72,2.5232906,3989.207
Namibia,2011,8,1027.0,28.31,2.5626633,4165.13
Namibia,2012,108,1079.0,28.8,2.607017,4302.725
Namibia,2013,0,1176.0,27.96,2.6657145,4420.967
Namibia,2014,17,1320.0,28.13,2.73598,4549.268
Namibia,2015,0,1388.0,27.55,2.8084188,4701.957
Namibia,2016,0,1469.0,24.72,2.883923,4774.107
Namibia,2017,0,1499.0,22.33,2.9627702,4648.627
Namibia,2018,0,1557.0,27.1,3.044922,4476.733
Namibia,2019,0,1596.0,23.94,3.1305215,4400.475
Nepal,2001,463,361.0,53.48,171.2348,462.426
Nepal,2002,170,275.0,52.86,174.02689,480.617
Nepal,2003,564,338.0,54.79,176.69333,480.316
Nepal,2004,287,385.0,55.58,179.20308,498.905
Nepal,2005,185,375.0,56.57,181.49042,522.632
Nepal,2006,69,384.0,57.08,183.53305,542.001
Nepal,2007,157,527.0,57.37,185.31866,562.314
Nepal,2008,214,500.0,56.6,186.87477,584.425
Nepal,2009,115,510.0,55.65,188.28069,623.763
Nepal,2010,459,603.0,61.04,189.55727,656.373
Nepal,2011,223,736.0,41.6,190.73564,692.947
Nepal,2012,182,803.0,30.76,191.5905,721.472
Nepal,2013,83,798.0,27.01,192.08173,753.234
Nepal,2014,244,790.0,29.3,192.46597,778.23
Nepal,2015,573,539.0,29.39,193.04062,822.558
Nepal,2016,9034,753.0,30.57,194.09578,850.613
Nepal,2017,174,940.0,30.41,195.01549,850.269
Nepal,2018,198,1173.0,32.29,195.40466,924.755
Nepal,2019,65,1197.0,28.8,195.88202,992.817
Nicaragua,2001,9,483.0,31.63,41.737045,1458.387
Nicaragua,2002,16,472.0,31.16,42.278767,1482.328
Nicaragua,2003,2,526.0,30.81,42.794697,1475.499
Nicaragua,2004,0,615.0,30.54,43.30206,1494.969
Nicaragua,2005,29,712.0,30.39,43.81676,1555.887
Nicaragua,2006,7,749.0,27.99,44.39179,1601.501
Nicaragua,2007,0,800.0,27.72,45.029556,1644.372
Nicaragua,2008,187,858.0,28.15,45.68096,1703.208
Nicaragua,2009,30,932.0,27.36,46.340343,1736.657
Nicaragua,2010,8,1011.0,17.4,47.00517,1655.72
Nicaragua,2011,87,1060.0,21.46,47.677006,1704.379
Nicaragua,2012,17,1180.0,21.34,48.355087,1786.628
Nicaragua,2013,9,1229.0,17.81,49.038475,1876.176
Nicaragua,2014,30,1330.0,19.15,49.72455,1941.456
Nicaragua,2015,2,1386.0,23.2,50.411278,2006.649
Nicaragua,2016,2,1504.0,22.56,51.100357,2074.456
Nicaragua,2017,0,1787.0,22.54,51.79212,2140.144
Nicaragua,2018,22,1256.0,22.63,52.48658,2209.633
Nicaragua,2019,4,1295.0,23.02,53.183266,2107.34
Niger,2001,192,52.0,59.05,9.086314,395.239
Niger,2002,577,39.0,59.31,9.41079,410.301
Niger,2003,320,55.0,37.5,9.749072,416.964
Niger,2004,202,57.0,37.01,10.1026125,416.05
Niger,2005,154,58.0,54.73,10.472758,398.049
Niger,2006,44,60.0,59.72,10.859866,412.346
Niger,2007,66,48.0,37.1,11.264375,417.505
Niger,2008,7,73.0,53.86,11.6867485,395.184
Niger,2009,180,66.0,59.53,12.127513,419.286
Niger,2010,172,74.0,46.65,12.586779,406.462
Niger,2011,108,82.0,46.76,13.064525,425.589
Niger,2012,64,94.0,48.2,13.559869,424.081
Niger,2013,188,123.0,51.81,14.08129,459.031
Niger,2014,32,135.0,55.26,14.620588,464.652
Niger,2015,201,135.0,53.78,15.170061,480.665
Niger,2016,33,152.0,65.61,15.741293,485.663
Niger,2017,84,164.0,62.86,16.330431,495.017
Niger,2018,190,157.0,61.44,16.922277,501.596
Niger,2019,114,192.0,67.47,17.51644,519.524
Papua New Guinea,2001,2,54.0,58.03,12.226887,2051.017
Papua New Guinea,2002,0,54.0,36.76,12.649481,1981.654
Papua New Guinea,2003,183,56.0,36.9,13.081327,1954.683
Papua New Guinea,2004,13,59.0,37.34,13.522954,1973.796
Papua New Guinea,2005,0,69.0,35.77,13.973506,1920.985
Papua New Guinea,2006,2,78.0,35.78,14.432507,1932.972
Papua New Guinea,2007,16,104.0,36.29,14.900243,1915.232
Papua New Guinea,2008,172,114.0,35.33,15.376392,2000.97
Papua New Guinea,2009,10,121.0,37.94,15.861419,1934.029
Papua New Guinea,2010,211,140.0,31.12,16.354816,2003.238
Papua New Guinea,2011,0,158.0,25.93,16.856256,2140.506
Papua New Guinea,2012,0,168.0,25.65,17.35492,2102.029
Papua New Guinea,2013,65,174.0,31.35,17.845242,2139.478
Papua New Guinea,2014,0,182.0,27.98,18.333921,2162.107
Papua New Guinea,2015,0,183.0,37.7,18.821358,2391.356
Papua New Guinea,2016,24,179.0,26.11,19.306732,2484.585
Papua New Guinea,2017,0,139.0,34.69,19.789156,2557.097
Papua New Guinea,2018,0,140.0,31.24,20.268332,2584.885
Papua New Guinea,2019,181,160.0,32.69,20.744862,2518.455
Paraguay,2001,8,279.0,24.65,12.83885,3441.291
Paraguay,2002,0,250.0,24.5,13.057363,3453.078
Paraguay,2003,0,268.0,24.08,13.242723,3916.432
Paraguay,2004,0,309.0,24.25,13.406587,4035.71
Paraguay,2005,0,341.0,23.55,13.5619955,4151.337
Paraguay,2006,0,388.0,23.56,13.712811,4193.272
Paraguay,2007,17,416.0,23.33,13.856393,4349.303
Paraguay,2008,8,428.0,15.27,13.992914,4540.373
Paraguay,2009,12,439.0,21.55,14.129315,4788.653
Paraguay,2010,8,465.0,19.28,14.27446,4727.587
Paraguay,2011,12,524.0,18.11,14.442419,5191.039
Paraguay,2012,44,579.0,18.26,14.635368,5342.179
Paraguay,2013,5,610.0,18.25,14.842716,5230.252
Paraguay,2014,0,649.0,22.34,15.057757,5583.111
Paraguay,2015,0,1215.0,22.59,15.277672,5794.464
Paraguay,2016,14,1308.0,22.44,15.502406,5879.326
Paraguay,2017,0,1584.0,23.36,15.728993,6041.946
Paraguay,2018,0,1181.0,23.27,15.954337,6243.121
Paraguay,2019,0,1216.0,25.82,16.177654,6354.226
Peru,2001,33,901.0,40.96,20.779943,3286.273
Peru,2002,186,1064.0,41.09,21.066101,3261.664
Peru,2003,82,1136.0,38.62,21.318914,3398.75
Peru,2004,361,1350.0,41.75,21.547255,3502.791
Peru,2005,101,1571.0,27.03,21.759523,3640.603
Peru,2006,5,1721.0,26.55,21.954042,3835.132
Peru,2007,0,1916.0,26.11,22.128506,4091.362
Peru,2008,677,2058.0,44.63,22.289612,4407.791
Peru,2009,40,2140.0,45.34,22.436749,4778.526
Peru,2010,577,2299.0,41.38,22.57564,4801.171
Peru,2011,510,2598.0,34.15,22.723454,5167.392
Peru,2012,109,2846.0,40.44,22.893814,5453.457
Peru,2013,299,3164.0,40.73,23.086224,5740.043
Peru,2014,69,3215.0,41.04,23.29524,6021.461
Peru,2015,554,3456.0,37.09,23.527988,6103.918
Peru,2016,30,3744.0,25.54,23.794998,6231.711
Peru,2017,33,4032.0,25.25,24.11445,6392.254
Peru,2018,200,4419.0,25.8,24.472374,6457.419
Peru,2019,2,4372.0,25.68,24.919992,6593.144
Philippines,2001,748,1797.0,50.43,267.047,1793.348
Philippines,2002,630,1933.0,50.54,273.0036,1807.709
Philippines,2003,320,1907.0,50.2,278.59573,1837.254
Philippines,2004,350,2291.0,49.88,284.1729,1892.822
Philippines,2005,1950,2623.0,50.74,289.74918,1978.345
Philippines,2006,39,2843.0,50.4,295.18716,2037.878
Philippines,2007,2984,3092.0,51.03,300.1945,2110.42
Philippines,2008,118,3139.0,50.24,305.44717,2209.347
Philippines,2009,959,3017.0,50.37,310.89343,2264.946
Philippines,2010,1307,3520.0,51.68,316.5451,2256.726
Philippines,2011,1113,3917.0,52.02,323.09464,2373.143
Philippines,2012,1989,4273.0,50.69,329.50537,2416.752
Philippines,2013,2415,4681.0,54.86,335.96777,2533.741
Philippines,2014,7750,4833.0,55.57,342.34274,2654.415
Philippines,2015,331,5361.0,55.61,348.0133,2776.92
Philippines,2016,201,5967.0,54.19,353.1978,2909.858
Philippines,2017,87,6621.0,50.15,357.96936,3076.337
Philippines,2018,233,7168.0,50.73,362.6109,3247.45
Philippines,2019,832,8261.0,51.38,367.12375,3410.936
Sierra Leone,2001,38,24.1,59.43,61.28588,332.896
Sierra Leone,2002,12,28.4,46.29,65.01406,370.824
Sierra Leone,2003,0,38.1,41.82,68.87552,442.504
Sierra Leone,2004,10,43.6,45.49,71.73297,464.446
Sierra Leone,2005,66,40.0,37.22,74.19943,478.633
Sierra Leone,2006,20,33.7,57.18,76.222046,486.922
Sierra Leone,2007,0,32.2,35.8,77.92275,496.413
Sierra Leone,2008,0,36.0,36.01,79.65299,524.765
Sierra Leone,2009,170,37.0,29.18,81.66705,539.474
Sierra Leone,2010,103,39.0,26.79,83.896576,541.861
Sierra Leone,2011,16,52.0,26.06,86.21107,555.508
Sierra Leone,2012,21,60.0,25.56,88.49069,575.376
Sierra Leone,2013,300,81.0,25.09,90.76029,646.161
Sierra Leone,2014,0,44.0,29.68,93.01825,761.081
Sierra Leone,2015,3956,24.0,20.19,95.26718,776.995
Sierra Leone,2016,10,55.0,25.62,97.501526,675.073
Sierra Leone,2017,0,51.0,25.69,99.82459,784.151
Sierra Leone,2018,1102,57.0,30.88,102.23469,888.568
Sierra Leone,2019,0,63.0,30.77,104.662895,1004.318
South Africa,2001,268,5787.0,27.87,38.875694,4697.843
South Africa,2002,50,6430.0,28.12,39.211273,4783.395
South Africa,2003,126,6505.0,28.87,39.584377,4913.643
South Africa,2004,1,6678.0,28.84,39.980835,5008.389
South Africa,2005,5,7369.0,27.66,40.385643,5184.01
South Africa,2006,2,8396.0,28.17,40.796677,5402.588
South Africa,2007,12,9091.0,28.37,41.215633,5647.343
South Africa,2008,48,9592.0,28.54,41.652782,5887.62
South Africa,2009,115,7012.0,28.57,42.135864,6005.843
South Africa,2010,32,8074.0,26.53,42.641945,5843.286
South Africa,2011,40,8339.0,26.17,43.149353,5950.104
South Africa,2012,46,9188.0,26.85,43.686134,6063.211
South Africa,2013,13,9537.0,24.71,44.335186,6117.609
South Africa,2014,3,9549.0,26.96,45.073975,6166.896
South Africa,2015,33,8904.0,26.88,45.829113,6151.035
South Africa,2016,0,10044.0,24.36,46.759544,6108.331
South Africa,2017,24,10285.0,26.33,47.201405,6091.363
South Africa,2018,32,10472.0,25.82,47.511032,6121.74
South Africa,2019,0,10227.5,23.79,48.31711,6113.324
Sri Lanka,2001,12,337.0,34.43,311.88257,1889.913
Sri Lanka,2002,0,393.0,45.38,316.8503,1834.807
Sri Lanka,2003,2,501.0,48.81,320.17053,1888.777
Sri Lanka,2004,235,566.0,43.15,322.527,1986.356
Sri Lanka,2005,35493,549.0,49.65,324.72693,2080.325
Sri Lanka,2006,6,560.0,32.06,326.81104,2196.079
Sri Lanka,2007,25,494.0,44.19,329.0077,2364.305
Sri Lanka,2008,33,438.0,48.73,331.27298,2524.404
Sri Lanka,2009,57,448.0,49.68,333.48492,2674.527
Sri Lanka,2010,349,654.0,49.59,335.53894,2770.518
Sri Lanka,2011,35,856.0,26.97,337.5217,2994.796
Sri Lanka,2012,254,1006.0,27.01,339.6226,3234.298
Sri Lanka,2013,53,1275.0,26.82,342.21567,3486.865
Sri Lanka,2014,117,1527.0,26.7,345.2769,3595.977
Sri Lanka,2015,336,1798.0,15.91,348.3261,3791.84
Sri Lanka,2016,10,2051.0,15.6,351.27667,3918.135
Sri Lanka,2017,203,2116.4,15.6,354.19922,4082.177
Sri Lanka,2018,649,2334.0,15.68,357.05667,4311.137
Sri Lanka,2019,34,1914.0,17.55,359.73352,4377.905
Tanzania,2001,74,501.0,30.99,38.677063,547.762
Tanzania,2002,43,550.0,30.61,39.736176,565.595
Tanzania,2003,20,552.0,30.22,40.778168,590.829
Tanzania,2004,0,566.0,29.38,41.87125,614.877
Tanzania,2005,10,590.0,29.2,43.02288,645.055
Tanzania,2006,9,622.0,29.94,44.233555,673.222
Tanzania,2007,70,692.0,30.37,45.48984,685.36
Tanzania,2008,119,750.0,30.38,46.7775,722.562
Tanzania,2009,73,695.0,30.02,48.059074,742.198
Tanzania,2010,50,754.0,30.92,49.2594,763.246
Tanzania,2011,0,843.0,25.15,50.52889,790.988
Tanzania,2012,37,1043.0,30.89,51.963615,829.845
Tanzania,2013,10,1063.0,30.97,53.48189,847.767
Tanzania,2014,0,1113.0,25.42,55.118687,877.86
Tanzania,2015,31,1104.0,30.07,56.84297,908.472
Tanzania,2016,641,1233.0,30.06,58.727657,933.491
Tanzania,2017,33,1275.0,30.85,60.763165,963.962
Tanzania,2018,7,1378.0,28.02,62.827827,995.205
Tanzania,2019,15,1443.0,31.2,64.8421,1032.088
Thailand,2001,198,10133.0,35.18,123.32951,3514.719
Thailand,2002,189,10873.0,40.5,124.58873,3599.025
Thailand,2003,190,10082.0,40.5,125.79309,3783.754
Thailand,2004,16,11737.0,38.15,126.9709,4018.154
Thailand,2005,8375,11567.0,41.04,128.11378,4232.771
Thailand,2006,86,13822.0,38.97,129.22041,4372.257
Thailand,2007,280,14464.0,39.41,130.29749,4551.524
Thailand,2008,53,14584.0,40.94,131.3441,4760.666
Thailand,2009,39,14150.0,30.53,132.35693,4805.763
Thailand,2010,15,15936.0,28.94,133.33806,4737.456
Thailand,2011,260,19230.0,29.66,134.23524,5059.356
Thailand,2012,923,22354.0,33.72,135.07254,5070.237
Thailand,2013,0,26547.0,25.0,135.91202,5403.878
Thailand,2014,84,24810.0,31.87,136.71262,5516.605
Thailand,2015,93,29923.0,28.65,137.4393,5541.466
Thailand,2016,3,32530.0,25.17,138.07431,5688.853
Thailand,2017,35,35592.0,26.0,138.6988,5857.78
Thailand,2018,150,38178.0,26.66,139.2867,6076.742
Thailand,2019,0,39916.0,35.2,139.70929,6314.198
Togo,2001,0,57.0,36.65,94.50351,481.21
Togo,2002,235,58.0,37.63,97.02861,472.546
Togo,2003,95,61.0,37.23,99.5271,478.312
Togo,2004,40,83.0,36.23,102.080696,497.686
Togo,2005,0,81.0,22.88,104.734566,480.328
Togo,2006,0,94.0,23.9,107.45793,500.72
Togo,2007,0,86.0,34.43,110.51063,560.721
Togo,2008,41,74.0,35.66,113.77735,603.838
Togo,2009,12,150.0,38.43,117.09542,610.405
Togo,2010,0,202.0,26.58,120.46089,625.711
Togo,2011,82,300.0,20.23,123.78371,644.563
Togo,2012,0,235.0,26.43,127.16451,663.963
Togo,2013,0,327.0,26.24,130.55237,687.495
Togo,2014,7,282.0,28.17,133.9483,709.092
Togo,2015,0,273.0,24.98,137.3866,730.291
Togo,2016,24,338.0,19.82,140.89352,751.052
Togo,2017,0,514.0,16.08,144.48055,774.403
Togo,2018,0,573.0,30.55,148.13638,785.562
Togo,2019,0,876.0,24.93,151.84377,803.132
Turkey,2001,16,10783.0,48.11,85.00962,6325.097
Turkey,2002,50,12790.0,47.9,86.07399,5887.687
Turkey,2003,86,13341.0,48.44,87.11822,6192.187
Turkey,2004,177,16826.0,46.65,88.13551,6473.464
Turkey,2005,79,20273.0,44.6,89.12415,7028.757
Turkey,2006,43,18916.0,44.03,90.08167,7579.373
Turkey,2007,79,26122.0,45.22,91.01172,8023.153
Turkey,2008,19,29792.0,41.25,91.92806,8343.793
Turkey,2009,2,30187.0,36.65,92.98279,8316.379
Turkey,2010,58,31364.0,33.73,94.15543,7816.684
Turkey,2011,64,34654.0,28.41,95.30134,8373.503
Turkey,2012,647,35698.0,31.01,96.42972,9202.384
Turkey,2013,13,37795.0,28.67,97.70564,9517.109
Turkey,2014,0,39811.0,24.64,99.27242,10161.765
Turkey,2015,0,39478.0,27.77,101.39438,10440.558
Turkey,2016,8,30289.0,27.4,103.96453,10802.002
Turkey,2017,0,37601.0,32.21,106.09265,10937.087
Turkey,2018,0,45768.0,24.73,107.952736,11554.995
Turkey,2019,24,51192.0,26.66,109.68383,11715.305
Uganda,2001,259,205.0,62.9,119.6896,429.261
Uganda,2002,26,254.0,61.87,123.40753,452.822
Uganda,2003,96,305.0,58.91,127.33329,469.831
Uganda,2004,60,512.0,62.01,131.41893,483.261
Uganda,2005,3,468.0,61.71,135.42047,496.198
Uganda,2006,21,539.0,62.86,139.45386,530.067
Uganda,2007,206,642.0,62.63,143.59668,551.063
Uganda,2008,165,844.0,63.71,147.88269,578.241
Uganda,2009,77,807.0,63.68,152.30176,620.012
Uganda,2010,17,946.0,43.79,156.84793,643.548
Uganda,2011,436,1151.0,42.1,161.53401,749.39
Uganda,2012,50,1197.0,51.73,166.34023,760.495
Uganda,2013,174,1206.0,29.3,171.24194,765.556
Uganda,2014,41,1266.0,31.74,176.22707,740.75
Uganda,2015,0,1303.0,31.89,181.5058,779.261
Uganda,2016,0,1323.0,28.56,187.17058,803.946
Uganda,2017,19,1402.0,37.1,193.49269,783.825
Uganda,2018,17,1506.0,33.99,200.36597,810.749
Uganda,2019,82,1543.0,36.82,207.29024,827.108
United Kingdom,2001,19,20982.0,21.84,244.10918,38813.269
United Kingdom,2002,11,22307.0,22.1,245.06302,39656.899
United Kingdom,2003,8,22787.0,22.51,246.1074,40197.689
United Kingdom,2004,301,25678.0,14.07,247.2632,41271.038
United Kingdom,2005,0,28039.0,13.74,248.70816,42039.766
United Kingdom,2006,13,30654.0,11.3,250.46959,42884.847
United Kingdom,2007,0,30870.0,11.37,252.35023,43578.594
United Kingdom,2008,27,30142.0,14.69,254.35399,44370.17
United Kingdom,2009,8,29357.0,12.22,256.38535,43909.102
United Kingdom,2010,8,28911.0,12.66,258.3649,41559.373
United Kingdom,2011,0,30384.0,12.39,260.4327,42150.184
United Kingdom,2012,0,30411.0,12.64,262.511,42292.505
United Kingdom,2013,8,31946.0,13.09,264.376,42627.85
United Kingdom,2014,773,33604.0,14.3,266.14883,43106.059
United Kingdom,2015,7,35149.0,12.89,268.11853,44156.352
United Kingdom,2016,3,37358.0,8.89,270.25217,44781.533
United Kingdom,2017,0,39543.0,13.06,272.3654,45287.98
United Kingdom,2018,0,38664.0,14.52,274.27136,46167.98
United Kingdom,2019,822,39418.0,13.58,275.91647,46537.589
Vanuatu,2001,0,53.0,21.59,15.282199,2745.933
Vanuatu,2002,2,49.0,21.92,15.672437,2622.738
Vanuatu,2003,0,50.0,21.92,16.06817,2515.068
Vanuatu,2004,0,61.0,22.36,16.469236,2518.583
Vanuatu,2005,2,62.0,22.08,16.876127,2555.794
Vanuatu,2006,0,68.0,21.07,17.290565,2626.851
Vanuatu,2007,0,81.0,21.62,17.714437,2780.975
Vanuatu,2008,0,90.5,22.33,18.153486,2854.154
Vanuatu,2009,0,100.7,19.48,18.614273,2875.085
Vanuatu,2010,0,97.2,19.44,19.0927,2888.137
Vanuatu,2011,0,94.0,19.12,19.5452,2856.774
Vanuatu,2012,0,108.2,20.86,19.973995,2883.227
Vanuatu,2013,0,110.0,21.29,20.417883,2849.054
Vanuatu,2014,0,109.0,21.38,20.87736,2799.283
Vanuatu,2015,12,90.0,22.0,21.34922,2807.834
Vanuatu,2016,11,95.1,23.61,21.830599,2854.894
Vanuatu,2017,0,109.2,18.92,22.32133,2889.014
Vanuatu,2018,0,115.6,23.09,22.848072,2946.962
Vanuatu,2019,0,120.6,23.29,23.402214,2960.654
Zambia,2001,163,492.0,32.7,13.475609,789.834
Zambia,2002,16,565.0,32.85,13.889326,807.05
Zambia,2003,0,413.0,32.73,14.323511,817.849
Zambia,2004,183,515.0,32.52,14.7750225,847.921
Zambia,2005,2,669.0,32.59,15.252023,879.167
Zambia,2006,21,757.0,32.84,15.764026,912.159
Zambia,2007,5,897.0,31.76,16.31655,950.924
Zambia,2008,19,812.0,32.47,16.902424,994.635
Zambia,2009,177,710.0,31.76,17.516146,1034.398
Zambia,2010,118,815.0,32.23,18.147131,1090.49
Zambia,2011,9,920.0,29.26,18.78636,1161.864
Zambia,2012,0,859.0,26.57,19.421564,1186.408
Zambia,2013,2,915.0,26.07,20.061651,1235.816
Zambia,2014,0,947.0,31.37,20.714565,1257.41
Zambia,2015,0,932.0,30.38,21.382208,1275.302
Zambia,2016,0,956.0,27.05,22.059877,1272.272
Zambia,2017,0,1009.0,24.72,22.753101,1280.097
Zambia,2018,89,1072.0,29.2,23.461882,1284.929
Zambia,2019,0,1266.0,27.04,24.177853,1297.188
